2016020001;2016-10-12T23:00:00Z;OTT;TOR
2016020002;2016-10-13T00:00:00Z;CHI;STL
2016020003;2016-10-13T02:00:00Z;EDM;CGY
2016020004;2016-10-13T02:30:00Z;SJS;LAK
2016020005;2016-10-13T23:00:00Z;BUF;MTL
2016020006;2016-10-13T23:00:00Z;NYR;NYI
2016020007;2016-10-13T23:00:00Z;PIT;WSH
2016020008;2016-10-13T23:00:00Z;CBJ;BOS
2016020009;2016-10-13T23:30:00Z;TBL;DET
2016020010;2016-10-13T23:30:00Z;FLA;NJD
2016020011;2016-10-14T00:00:00Z;STL;MIN
2016020012;2016-10-14T00:00:00Z;WPG;CAR
2016020013;2016-10-14T00:30:00Z;DAL;ANA
2016020014;2016-10-15T00:00:00Z;NSH;CHI
2016020015;2016-10-15T01:00:00Z;CGY;EDM
2016020016;2016-10-15T02:30:00Z;LAK;PHI
2016020024;2016-10-15T23:00:00Z;MIN;WPG
2016020017;2016-10-15T23:00:00Z;TOR;BOS
2016020018;2016-10-15T23:00:00Z;OTT;MTL
2016020019;2016-10-15T23:00:00Z;TBL;NJD
2016020020;2016-10-15T23:00:00Z;FLA;DET
2016020021;2016-10-15T23:00:00Z;PIT;ANA
2016020022;2016-10-15T23:00:00Z;WSH;NYI
2016020023;2016-10-15T23:00:00Z;CBJ;SJS
2016020025;2016-10-16T00:00:00Z;STL;NYR
2016020026;2016-10-16T00:30:00Z;CHI;NSH
2016020028;2016-10-16T01:00:00Z;ARI;PHI
2016020027;2016-10-16T01:00:00Z;COL;DAL
2016020029;2016-10-16T02:00:00Z;VAN;CGY
2016020030;2016-10-16T22:00:00Z;NYI;ANA
2016020031;2016-10-16T23:00:00Z;EDM;BUF
2016020032;2016-10-17T02:00:00Z;VAN;CAR
2016020033;2016-10-17T23:00:00Z;NYR;SJS
2016020034;2016-10-17T23:00:00Z;PIT;COL
2016020035;2016-10-17T23:30:00Z;DET;OTT
2016020036;2016-10-18T00:00:00Z;WPG;BOS
2016020037;2016-10-18T23:00:00Z;NJD;ANA
2016020038;2016-10-18T23:00:00Z;NYI;SJS
2016020039;2016-10-18T23:00:00Z;WSH;COL
2016020040;2016-10-18T23:30:00Z;MTL;PIT
2016020041;2016-10-18T23:30:00Z;OTT;ARI
2016020042;2016-10-18T23:30:00Z;TBL;FLA
2016020043;2016-10-19T00:00:00Z;NSH;DAL
2016020044;2016-10-19T00:00:00Z;MIN;LAK
2016020045;2016-10-19T00:30:00Z;CHI;PHI
2016020046;2016-10-19T01:00:00Z;CGY;BUF
2016020047;2016-10-19T01:00:00Z;EDM;CAR
2016020048;2016-10-19T02:00:00Z;VAN;STL
2016020050;2016-10-20T00:00:00Z;WPG;TOR
2016020049;2016-10-20T00:00:00Z;NYR;DET
2016020051;2016-10-20T23:00:00Z;BOS;NJD
2016020052;2016-10-20T23:00:00Z;PHI;ANA
2016020053;2016-10-20T23:00:00Z;PIT;SJS
2016020054;2016-10-20T23:30:00Z;MTL;ARI
2016020055;2016-10-20T23:30:00Z;TBL;COL
2016020056;2016-10-20T23:30:00Z;FLA;WSH
2016020057;2016-10-21T00:00:00Z;MIN;TOR
2016020058;2016-10-21T00:30:00Z;DAL;LAK
2016020059;2016-10-21T01:00:00Z;CGY;CAR
2016020060;2016-10-21T01:00:00Z;EDM;STL
2016020061;2016-10-21T02:00:00Z;VAN;BUF
2016020062;2016-10-21T23:00:00Z;NYI;ARI
2016020063;2016-10-21T23:00:00Z;CBJ;CHI
2016020064;2016-10-21T23:30:00Z;DET;NSH
2016020072;2016-10-22T23:00:00Z;CHI;TOR
2016020065;2016-10-22T23:00:00Z;BOS;MTL
2016020066;2016-10-22T23:00:00Z;OTT;TBL
2016020067;2016-10-22T23:00:00Z;DET;SJS
2016020068;2016-10-22T23:00:00Z;FLA;COL
2016020069;2016-10-22T23:00:00Z;NJD;MIN
2016020070;2016-10-22T23:00:00Z;PHI;CAR
2016020071;2016-10-22T23:00:00Z;WSH;NYR
2016020073;2016-10-23T00:00:00Z;NSH;PIT
2016020074;2016-10-23T00:00:00Z;DAL;CBJ
2016020076;2016-10-23T02:00:00Z;LAK;VAN
2016020075;2016-10-23T02:00:00Z;CGY;STL
2016020077;2016-10-23T19:00:00Z;WPG;EDM
2016020078;2016-10-23T22:00:00Z;NYI;MIN
2016020079;2016-10-23T23:00:00Z;NYR;ARI
2016020080;2016-10-24T00:00:00Z;ANA;VAN
2016020081;2016-10-24T23:30:00Z;MTL;PHI
2016020082;2016-10-25T00:30:00Z;CHI;CGY
2016020083;2016-10-25T23:00:00Z;BOS;MIN
2016020084;2016-10-25T23:00:00Z;NJD;ARI
2016020085;2016-10-25T23:00:00Z;PHI;BUF
2016020086;2016-10-25T23:00:00Z;PIT;FLA
2016020087;2016-10-25T23:30:00Z;TOR;TBL
2016020088;2016-10-25T23:30:00Z;DET;CAR
2016020089;2016-10-26T00:00:00Z;STL;CGY
2016020090;2016-10-26T00:30:00Z;DAL;WPG
2016020091;2016-10-26T02:00:00Z;VAN;OTT
2016020092;2016-10-26T02:30:00Z;LAK;CBJ
2016020093;2016-10-26T02:30:00Z;SJS;ANA
2016020094;2016-10-26T23:00:00Z;NYI;MTL
2016020095;2016-10-27T00:00:00Z;NYR;BOS
2016020096;2016-10-27T01:30:00Z;EDM;WSH
2016020097;2016-10-27T02:30:00Z;ANA;NSH
2016020098;2016-10-27T23:00:00Z;BUF;MIN
2016020099;2016-10-27T23:00:00Z;PHI;ARI
2016020100;2016-10-27T23:00:00Z;PIT;NYI
2016020101;2016-10-27T23:30:00Z;TOR;FLA
2016020102;2016-10-27T23:30:00Z;MTL;TBL
2016020103;2016-10-28T00:00:00Z;STL;DET
2016020104;2016-10-28T00:00:00Z;WPG;DAL
2016020105;2016-10-28T02:30:00Z;LAK;NSH
2016020106;2016-10-28T02:30:00Z;SJS;CBJ
2016020107;2016-10-28T23:30:00Z;NJD;CHI
2016020108;2016-10-28T23:30:00Z;CAR;NYR
2016020109;2016-10-29T01:00:00Z;COL;WPG
2016020110;2016-10-29T01:00:00Z;CGY;OTT
2016020111;2016-10-29T02:00:00Z;VAN;EDM
2016020112;2016-10-29T02:00:00Z;ANA;CBJ
2016020113;2016-10-29T17:00:00Z;BUF;FLA
2016020114;2016-10-29T23:00:00Z;MTL;TOR
2016020115;2016-10-29T23:00:00Z;DET;BOS
2016020116;2016-10-29T23:00:00Z;NJD;TBL
2016020117;2016-10-29T23:00:00Z;PHI;PIT
2016020118;2016-10-30T00:00:00Z;STL;LAK
2016020119;2016-10-30T00:00:00Z;MIN;DAL
2016020120;2016-10-30T01:00:00Z;ARI;COL
2016020121;2016-10-30T02:00:00Z;VAN;WSH
2016020122;2016-10-30T02:30:00Z;SJS;NSH
2016020123;2016-10-30T19:00:00Z;WPG;BUF
2016020124;2016-10-30T21:00:00Z;DET;FLA
2016020125;2016-10-30T21:00:00Z;CAR;PHI
2016020126;2016-10-30T22:00:00Z;NYI;TOR
2016020128;2016-10-30T23:00:00Z;CHI;LAK
2016020127;2016-10-30T23:00:00Z;NYR;TBL
2016020129;2016-10-31T01:00:00Z;EDM;OTT
2016020130;2016-10-31T01:30:00Z;CGY;WSH
2016020131;2016-11-01T23:00:00Z;NYI;TBL
2016020132;2016-11-01T23:00:00Z;NYR;STL
2016020133;2016-11-01T23:00:00Z;CBJ;DAL
2016020134;2016-11-01T23:30:00Z;TOR;EDM
2016020135;2016-11-01T23:30:00Z;OTT;CAR
2016020136;2016-11-01T23:30:00Z;FLA;BOS
2016020137;2016-11-02T00:00:00Z;MIN;BUF
2016020138;2016-11-02T00:00:00Z;WPG;WSH
2016020139;2016-11-02T00:30:00Z;CHI;CGY
2016020140;2016-11-02T01:00:00Z;COL;NSH
2016020141;2016-11-02T02:00:00Z;ARI;SJS
2016020142;2016-11-02T02:30:00Z;LAK;ANA
2016020143;2016-11-02T23:30:00Z;MTL;VAN
2016020144;2016-11-03T00:00:00Z;PHI;DET
2016020145;2016-11-03T02:30:00Z;ANA;PIT
2016020147;2016-11-03T23:00:00Z;NYI;PHI
2016020146;2016-11-03T23:00:00Z;BUF;TOR
2016020148;2016-11-03T23:00:00Z;NYR;EDM
2016020149;2016-11-03T23:00:00Z;WSH;WPG
2016020152;2016-11-03T23:30:00Z;FLA;NJD
2016020151;2016-11-03T23:30:00Z;TBL;BOS
2016020150;2016-11-03T23:30:00Z;OTT;VAN
2016020154;2016-11-04T00:30:00Z;DAL;STL
2016020153;2016-11-04T00:30:00Z;CHI;COL
2016020155;2016-11-04T02:00:00Z;ARI;NSH
2016020156;2016-11-04T02:30:00Z;LAK;PIT
2016020157;2016-11-04T02:30:00Z;SJS;CGY
2016020158;2016-11-04T23:00:00Z;CBJ;MTL
2016020159;2016-11-04T23:30:00Z;DET;WPG
2016020160;2016-11-05T02:00:00Z;ANA;ARI
2016020161;2016-11-05T19:00:00Z;COL;MIN
2016020169;2016-11-05T23:00:00Z;STL;CBJ
2016020162;2016-11-05T23:00:00Z;BOS;NYR
2016020163;2016-11-05T23:00:00Z;TOR;VAN
2016020164;2016-11-05T23:00:00Z;MTL;PHI
2016020165;2016-11-05T23:00:00Z;OTT;BUF
2016020166;2016-11-05T23:00:00Z;TBL;NJD
2016020167;2016-11-05T23:00:00Z;NYI;EDM
2016020168;2016-11-05T23:00:00Z;WSH;FLA
2016020170;2016-11-06T00:00:00Z;NSH;CAR
2016020171;2016-11-06T00:00:00Z;DAL;CHI
2016020172;2016-11-06T02:00:00Z;LAK;CGY
2016020173;2016-11-06T02:30:00Z;SJS;PIT
2016020175;2016-11-06T22:00:00Z;STL;COL
2016020174;2016-11-06T22:00:00Z;DET;EDM
2016020176;2016-11-06T23:00:00Z;CAR;NJD
2016020178;2016-11-07T00:00:00Z;CHI;DAL
2016020177;2016-11-07T00:00:00Z;NYR;WPG
2016020179;2016-11-07T02:30:00Z;ANA;CGY
2016020180;2016-11-08T00:00:00Z;BOS;BUF
2016020181;2016-11-08T00:00:00Z;NYI;VAN
2016020182;2016-11-08T00:30:00Z;FLA;TBL
2016020183;2016-11-09T00:00:00Z;NJD;CAR
2016020184;2016-11-09T00:00:00Z;NYR;VAN
2016020185;2016-11-09T00:00:00Z;PHI;DET
2016020186;2016-11-09T00:00:00Z;PIT;EDM
2016020187;2016-11-09T00:00:00Z;WSH;SJS
2016020188;2016-11-09T00:30:00Z;TOR;LAK
2016020189;2016-11-09T00:30:00Z;MTL;BOS
2016020190;2016-11-09T01:00:00Z;NSH;OTT
2016020191;2016-11-09T01:00:00Z;WPG;DAL
2016020192;2016-11-09T02:00:00Z;COL;ARI
2016020193;2016-11-10T00:00:00Z;CBJ;ANA
2016020194;2016-11-10T00:30:00Z;BUF;OTT
2016020195;2016-11-10T01:00:00Z;STL;CHI
2016020198;2016-11-11T00:00:00Z;CAR;ANA
2016020196;2016-11-11T00:00:00Z;BOS;CBJ
2016020197;2016-11-11T00:00:00Z;PIT;MIN
2016020201;2016-11-11T00:30:00Z;TBL;NYI
2016020200;2016-11-11T00:30:00Z;DET;VAN
2016020199;2016-11-11T00:30:00Z;MTL;LAK
2016020202;2016-11-11T00:30:00Z;FLA;SJS
2016020203;2016-11-11T01:00:00Z;NSH;STL
2016020204;2016-11-11T02:00:00Z;CGY;DAL
2016020205;2016-11-11T02:00:00Z;ARI;WPG
2016020206;2016-11-12T00:00:00Z;BUF;NJD
2016020207;2016-11-12T00:00:00Z;TOR;PHI
2016020208;2016-11-12T00:30:00Z;OTT;LAK
2016020209;2016-11-12T01:30:00Z;CHI;WSH
2016020211;2016-11-12T02:00:00Z;EDM;DAL
2016020210;2016-11-12T02:00:00Z;COL;WPG
2016020214;2016-11-13T00:00:00Z;FLA;NYI
2016020215;2016-11-13T00:00:00Z;NJD;BUF
2016020217;2016-11-13T00:00:00Z;PIT;TOR
2016020218;2016-11-13T00:00:00Z;CAR;WSH
2016020212;2016-11-13T00:00:00Z;MTL;DET
2016020219;2016-11-13T00:00:00Z;CBJ;STL
2016020213;2016-11-13T00:00:00Z;TBL;SJS
2016020216;2016-11-13T00:00:00Z;PHI;MIN
2016020221;2016-11-13T01:00:00Z;ARI;BOS
2016020220;2016-11-13T01:00:00Z;NSH;ANA
2016020222;2016-11-13T03:00:00Z;CGY;NYR
2016020223;2016-11-13T20:00:00Z;WPG;LAK
2016020224;2016-11-13T21:00:00Z;VAN;DAL
2016020225;2016-11-13T22:00:00Z;OTT;MIN
2016020227;2016-11-14T00:00:00Z;COL;BOS
2016020226;2016-11-14T00:00:00Z;CHI;MTL
2016020228;2016-11-14T02:30:00Z;EDM;NYR
2016020229;2016-11-15T00:00:00Z;NYI;TBL
2016020230;2016-11-16T00:00:00Z;PHI;OTT
2016020232;2016-11-16T00:00:00Z;CBJ;WSH
2016020231;2016-11-16T00:00:00Z;CAR;SJS
2016020234;2016-11-16T00:30:00Z;MTL;FLA
2016020235;2016-11-16T00:30:00Z;DET;TBL
2016020233;2016-11-16T00:30:00Z;TOR;NSH
2016020236;2016-11-16T01:00:00Z;STL;BUF
2016020238;2016-11-16T01:00:00Z;WPG;CHI
2016020237;2016-11-16T01:00:00Z;MIN;CGY
2016020239;2016-11-16T01:30:00Z;DAL;NJD
2016020240;2016-11-16T02:00:00Z;COL;LAK
2016020241;2016-11-16T03:00:00Z;VAN;NYR
2016020242;2016-11-16T03:00:00Z;ANA;EDM
2016020243;2016-11-17T01:00:00Z;WSH;PIT
2016020244;2016-11-17T03:00:00Z;CGY;ARI
2016020245;2016-11-18T00:00:00Z;BUF;TBL
2016020246;2016-11-18T00:00:00Z;PHI;WPG
2016020247;2016-11-18T00:30:00Z;TOR;FLA
2016020248;2016-11-18T00:30:00Z;OTT;NSH
2016020249;2016-11-18T01:00:00Z;STL;SJS
2016020250;2016-11-18T01:00:00Z;MIN;BOS
2016020251;2016-11-18T01:30:00Z;DAL;COL
2016020252;2016-11-18T03:00:00Z;VAN;ARI
2016020253;2016-11-18T03:00:00Z;ANA;NJD
2016020254;2016-11-18T03:30:00Z;LAK;EDM
2016020255;2016-11-19T00:00:00Z;NYI;PIT
2016020256;2016-11-19T00:00:00Z;WSH;DET
2016020257;2016-11-19T00:00:00Z;CBJ;NYR
2016020258;2016-11-19T00:30:00Z;CAR;MTL
2016020259;2016-11-19T02:00:00Z;CGY;CHI
2016020260;2016-11-19T18:00:00Z;PHI;TBL
2016020261;2016-11-19T21:00:00Z;LAK;NJD
2016020266;2016-11-20T00:00:00Z;DAL;EDM
2016020262;2016-11-20T00:00:00Z;BOS;WPG
2016020263;2016-11-20T00:00:00Z;BUF;PIT
2016020264;2016-11-20T00:00:00Z;MTL;TOR
2016020265;2016-11-20T00:00:00Z;OTT;FLA
2016020269;2016-11-20T01:00:00Z;ARI;SJS
2016020267;2016-11-20T01:00:00Z;STL;NSH
2016020268;2016-11-20T01:00:00Z;MIN;COL
2016020270;2016-11-20T03:00:00Z;VAN;CHI
2016020271;2016-11-20T17:30:00Z;WSH;CBJ
2016020272;2016-11-20T22:00:00Z;NYR;FLA
2016020273;2016-11-20T22:00:00Z;CAR;WPG
2016020274;2016-11-21T00:30:00Z;DET;CGY
2016020275;2016-11-21T01:00:00Z;ANA;LAK
2016020277;2016-11-22T00:00:00Z;PIT;NYR
2016020276;2016-11-22T00:00:00Z;BUF;CGY
2016020278;2016-11-22T00:00:00Z;CBJ;COL
2016020279;2016-11-22T01:00:00Z;NSH;TBL
2016020280;2016-11-22T01:30:00Z;DAL;MIN
2016020281;2016-11-22T02:00:00Z;EDM;CHI
2016020282;2016-11-22T03:30:00Z;SJS;NJD
2016020283;2016-11-23T00:00:00Z;BOS;STL
2016020284;2016-11-23T00:00:00Z;TOR;CAR
2016020285;2016-11-23T00:30:00Z;MTL;OTT
2016020286;2016-11-23T00:30:00Z;FLA;PHI
2016020287;2016-11-23T03:00:00Z;ANA;NYI
2016020293;2016-11-24T00:00:00Z;MIN;WPG
2016020288;2016-11-24T00:00:00Z;BUF;DET
2016020289;2016-11-24T00:00:00Z;NJD;TOR
2016020290;2016-11-24T00:00:00Z;NYR;PIT
2016020291;2016-11-24T00:00:00Z;WSH;STL
2016020292;2016-11-24T00:00:00Z;CBJ;CGY
2016020294;2016-11-24T00:30:00Z;TBL;PHI
2016020295;2016-11-24T01:00:00Z;NSH;DAL
2016020296;2016-11-24T03:00:00Z;COL;EDM
2016020297;2016-11-24T03:00:00Z;ARI;VAN
2016020298;2016-11-24T03:30:00Z;LAK;NYI
2016020299;2016-11-24T03:30:00Z;SJS;CHI
2016020300;2016-11-25T00:30:00Z;MTL;CAR
2016020301;2016-11-25T00:30:00Z;OTT;BOS
2016020302;2016-11-25T18:00:00Z;PHI;NYR
2016020304;2016-11-25T21:00:00Z;ANA;CHI
2016020305;2016-11-25T21:00:00Z;SJS;NYI
2016020303;2016-11-25T21:00:00Z;MIN;PIT
2016020306;2016-11-25T22:00:00Z;WSH;BUF
2016020307;2016-11-25T23:00:00Z;NSH;WPG
2016020308;2016-11-26T00:30:00Z;BOS;CGY
2016020309;2016-11-26T00:30:00Z;TBL;CBJ
2016020310;2016-11-26T00:30:00Z;NJD;DET
2016020311;2016-11-26T01:30:00Z;DAL;VAN
2016020312;2016-11-26T02:00:00Z;ARI;EDM
2016020313;2016-11-27T00:00:00Z;TOR;WSH
2016020314;2016-11-27T00:00:00Z;OTT;CAR
2016020315;2016-11-27T00:00:00Z;DET;MTL
2016020316;2016-11-27T00:00:00Z;FLA;CBJ
2016020317;2016-11-27T00:00:00Z;PIT;NJD
2016020318;2016-11-27T01:00:00Z;STL;MIN
2016020319;2016-11-27T03:00:00Z;COL;VAN
2016020320;2016-11-27T03:30:00Z;LAK;CHI
2016020321;2016-11-27T03:30:00Z;SJS;ANA
2016020322;2016-11-27T18:00:00Z;BOS;TBL
2016020323;2016-11-27T20:00:00Z;EDM;ARI
2016020325;2016-11-27T23:00:00Z;WPG;NSH
2016020324;2016-11-27T23:00:00Z;CAR;FLA
2016020326;2016-11-28T00:00:00Z;NYR;OTT
2016020327;2016-11-28T00:00:00Z;PHI;CGY
2016020328;2016-11-29T00:00:00Z;NYI;CGY
2016020329;2016-11-29T01:00:00Z;STL;DAL
2016020330;2016-11-30T00:00:00Z;NYR;CAR
2016020331;2016-11-30T00:00:00Z;PHI;BOS
2016020332;2016-11-30T00:00:00Z;CBJ;TBL
2016020333;2016-11-30T00:30:00Z;OTT;BUF
2016020334;2016-11-30T00:30:00Z;DET;DAL
2016020335;2016-11-30T01:00:00Z;WPG;NJD
2016020336;2016-11-30T01:30:00Z;CHI;FLA
2016020337;2016-11-30T02:00:00Z;COL;NSH
2016020338;2016-11-30T02:00:00Z;EDM;TOR
2016020339;2016-11-30T03:00:00Z;VAN;MIN
2016020340;2016-11-30T03:00:00Z;ANA;MTL
2016020341;2016-11-30T03:00:00Z;SJS;ARI
2016020342;2016-12-01T01:00:00Z;NYI;PIT
2016020343;2016-12-01T01:30:00Z;CGY;TOR
2016020344;2016-12-01T03:30:00Z;LAK;SJS
2016020345;2016-12-02T00:00:00Z;BOS;CAR
2016020346;2016-12-02T00:00:00Z;BUF;NYR
2016020347;2016-12-02T00:00:00Z;PIT;DAL
2016020348;2016-12-02T00:00:00Z;WSH;NYI
2016020349;2016-12-02T00:30:00Z;OTT;PHI
2016020350;2016-12-02T00:30:00Z;DET;FLA
2016020351;2016-12-02T01:00:00Z;STL;TBL
2016020352;2016-12-02T01:00:00Z;WPG;EDM
2016020353;2016-12-02T01:30:00Z;CHI;NJD
2016020354;2016-12-02T02:00:00Z;COL;CBJ
2016020355;2016-12-02T02:00:00Z;ARI;LAK
2016020356;2016-12-02T03:00:00Z;VAN;ANA
2016020357;2016-12-03T02:00:00Z;CGY;MIN
2016020358;2016-12-03T03:30:00Z;SJS;MTL
2016020359;2016-12-03T18:00:00Z;BUF;BOS
2016020360;2016-12-03T18:00:00Z;NYR;CAR
2016020361;2016-12-03T18:00:00Z;PHI;CHI
2016020362;2016-12-03T19:00:00Z;NSH;NJD
2016020367;2016-12-04T00:00:00Z;VAN;TOR
2016020366;2016-12-04T00:00:00Z;STL;WPG
2016020363;2016-12-04T00:00:00Z;OTT;FLA
2016020364;2016-12-04T00:00:00Z;TBL;WSH
2016020365;2016-12-04T00:00:00Z;PIT;DET
2016020368;2016-12-04T01:00:00Z;ARI;CBJ
2016020369;2016-12-04T02:00:00Z;COL;DAL
2016020370;2016-12-04T03:00:00Z;EDM;ANA
2016020371;2016-12-04T22:00:00Z;CAR;TBL
2016020373;2016-12-04T23:00:00Z;NSH;PHI
2016020372;2016-12-04T23:00:00Z;NYI;DET
2016020374;2016-12-05T00:00:00Z;CHI;WPG
2016020375;2016-12-05T02:30:00Z;CGY;ANA
2016020376;2016-12-05T02:30:00Z;EDM;MIN
2016020377;2016-12-05T03:30:00Z;LAK;MTL
2016020378;2016-12-06T00:00:00Z;BOS;FLA
2016020379;2016-12-06T00:00:00Z;PIT;OTT
2016020380;2016-12-06T00:00:00Z;WSH;BUF
2016020381;2016-12-06T00:00:00Z;CBJ;ARI
2016020382;2016-12-07T00:00:00Z;BUF;EDM
2016020383;2016-12-07T00:00:00Z;NJD;VAN
2016020384;2016-12-07T00:00:00Z;NYI;NYR
2016020385;2016-12-07T00:00:00Z;PHI;FLA
2016020386;2016-12-07T01:00:00Z;STL;MTL
2016020387;2016-12-07T01:00:00Z;NSH;COL
2016020388;2016-12-07T01:00:00Z;WPG;DET
2016020389;2016-12-07T01:30:00Z;CHI;ARI
2016020390;2016-12-07T01:30:00Z;DAL;CGY
2016020391;2016-12-08T00:30:00Z;TOR;MIN
2016020392;2016-12-08T01:00:00Z;WSH;BOS
2016020393;2016-12-08T03:30:00Z;ANA;CAR
2016020394;2016-12-08T03:30:00Z;SJS;OTT
2016020395;2016-12-09T00:00:00Z;BOS;COL
2016020396;2016-12-09T00:00:00Z;NYI;STL
2016020397;2016-12-09T00:00:00Z;PHI;EDM
2016020398;2016-12-09T00:30:00Z;MTL;NJD
2016020399;2016-12-09T00:30:00Z;TBL;VAN
2016020400;2016-12-09T00:30:00Z;FLA;PIT
2016020401;2016-12-09T01:00:00Z;WPG;NYR
2016020402;2016-12-09T01:30:00Z;DAL;NSH
2016020403;2016-12-09T02:00:00Z;ARI;CGY
2016020404;2016-12-09T03:30:00Z;LAK;CAR
2016020405;2016-12-10T00:00:00Z;BUF;WSH
2016020406;2016-12-10T00:30:00Z;DET;CBJ
2016020407;2016-12-10T00:30:00Z;NJD;STL
2016020408;2016-12-10T01:00:00Z;MIN;EDM
2016020409;2016-12-10T01:30:00Z;CHI;NYR
2016020410;2016-12-10T03:00:00Z;ANA;SJS
2016020411;2016-12-10T18:00:00Z;PHI;DAL
2016020412;2016-12-10T21:00:00Z;LAK;OTT
2016020413;2016-12-11T00:00:00Z;BOS;TOR
2016020414;2016-12-11T00:00:00Z;MTL;COL
2016020415;2016-12-11T00:00:00Z;TBL;PIT
2016020416;2016-12-11T00:00:00Z;FLA;VAN
2016020417;2016-12-11T00:00:00Z;CBJ;NYI
2016020418;2016-12-11T01:00:00Z;ARI;NSH
2016020419;2016-12-11T03:00:00Z;CGY;WPG
2016020420;2016-12-11T03:30:00Z;SJS;CAR
2016020421;2016-12-11T21:00:00Z;ANA;OTT
2016020422;2016-12-11T22:00:00Z;DET;PHI
2016020423;2016-12-11T22:00:00Z;WSH;VAN
2016020424;2016-12-11T23:00:00Z;MIN;STL
2016020427;2016-12-12T00:00:00Z;CHI;DAL
2016020425;2016-12-12T00:00:00Z;TOR;COL
2016020426;2016-12-12T00:00:00Z;NYR;NJD
2016020428;2016-12-12T02:30:00Z;EDM;WPG
2016020429;2016-12-13T00:00:00Z;PIT;ARI
2016020430;2016-12-13T00:30:00Z;MTL;BOS
2016020431;2016-12-14T00:00:00Z;BUF;LAK
2016020432;2016-12-14T00:00:00Z;NYI;WSH
2016020433;2016-12-14T00:00:00Z;NYR;CHI
2016020434;2016-12-14T00:00:00Z;CAR;VAN
2016020435;2016-12-14T00:30:00Z;TOR;SJS
2016020436;2016-12-14T00:30:00Z;DET;ARI
2016020437;2016-12-14T01:00:00Z;NSH;STL
2016020438;2016-12-14T01:00:00Z;MIN;FLA
2016020439;2016-12-14T01:30:00Z;DAL;ANA
2016020440;2016-12-14T02:00:00Z;EDM;CBJ
2016020441;2016-12-15T00:00:00Z;OTT;SJS
2016020442;2016-12-15T00:30:00Z;PIT;BOS
2016020443;2016-12-15T02:30:00Z;CGY;TBL
2016020444;2016-12-15T03:00:00Z;COL;PHI
2016020445;2016-12-16T00:00:00Z;BOS;ANA
2016020446;2016-12-16T00:00:00Z;NYI;CHI
2016020447;2016-12-16T00:30:00Z;TOR;ARI
2016020448;2016-12-16T00:30:00Z;DET;LAK
2016020449;2016-12-16T01:00:00Z;STL;NJD
2016020450;2016-12-16T01:00:00Z;NSH;MIN
2016020451;2016-12-16T01:00:00Z;WPG;FLA
2016020452;2016-12-16T01:30:00Z;DAL;NYR
2016020453;2016-12-17T00:00:00Z;BUF;NYI
2016020454;2016-12-17T00:00:00Z;PIT;LAK
2016020455;2016-12-17T00:30:00Z;MTL;SJS
2016020456;2016-12-17T00:30:00Z;CAR;WSH
2016020457;2016-12-17T02:00:00Z;COL;FLA
2016020458;2016-12-17T02:00:00Z;CGY;CBJ
2016020459;2016-12-17T03:00:00Z;VAN;TBL
2016020460;2016-12-17T19:00:00Z;DAL;PHI
2016020461;2016-12-17T19:00:00Z;MIN;ARI
2016020462;2016-12-18T00:00:00Z;TOR;PIT
2016020463;2016-12-18T00:00:00Z;OTT;NJD
2016020464;2016-12-18T00:00:00Z;DET;ANA
2016020465;2016-12-18T00:00:00Z;WSH;MTL
2016020466;2016-12-18T00:00:00Z;CAR;BUF
2016020467;2016-12-18T01:00:00Z;STL;CHI
2016020468;2016-12-18T01:00:00Z;NSH;NYR
2016020469;2016-12-18T03:00:00Z;EDM;TBL
2016020470;2016-12-18T18:00:00Z;BOS;LAK
2016020471;2016-12-18T20:00:00Z;WPG;COL
2016020472;2016-12-18T21:00:00Z;VAN;CBJ
2016020474;2016-12-19T00:00:00Z;CHI;SJS
2016020473;2016-12-19T00:00:00Z;NYI;OTT
2016020475;2016-12-19T00:30:00Z;NYR;NJD
2016020476;2016-12-20T00:00:00Z;PHI;NSH
2016020477;2016-12-20T00:00:00Z;CAR;DET
2016020478;2016-12-20T00:30:00Z;TOR;ANA
2016020479;2016-12-20T01:00:00Z;STL;EDM
2016020480;2016-12-20T02:00:00Z;ARI;CGY
2016020481;2016-12-21T00:00:00Z;BOS;NYI
2016020482;2016-12-21T00:00:00Z;NJD;NSH
2016020483;2016-12-21T00:00:00Z;PIT;NYR
2016020484;2016-12-21T00:00:00Z;CBJ;LAK
2016020485;2016-12-21T00:30:00Z;MTL;ANA
2016020486;2016-12-21T00:30:00Z;TBL;DET
2016020487;2016-12-21T00:30:00Z;FLA;BUF
2016020488;2016-12-21T01:00:00Z;MIN;COL
2016020489;2016-12-21T01:30:00Z;CHI;OTT
2016020490;2016-12-21T01:30:00Z;DAL;STL
2016020491;2016-12-21T03:00:00Z;VAN;WPG
2016020492;2016-12-21T03:30:00Z;SJS;CGY
2016020493;2016-12-22T01:00:00Z;PHI;WSH
2016020494;2016-12-22T02:30:00Z;ARI;EDM
2016020495;2016-12-23T00:00:00Z;BUF;CAR
2016020496;2016-12-23T00:00:00Z;NJD;PHI
2016020497;2016-12-23T00:00:00Z;CBJ;PIT
2016020498;2016-12-23T00:30:00Z;MTL;MIN
2016020499;2016-12-23T00:30:00Z;OTT;ANA
2016020500;2016-12-23T00:30:00Z;TBL;STL
2016020501;2016-12-23T00:30:00Z;FLA;BOS
2016020502;2016-12-23T01:00:00Z;NSH;LAK
2016020503;2016-12-23T02:00:00Z;COL;TOR
2016020504;2016-12-23T03:00:00Z;VAN;WPG
2016020505;2016-12-24T00:00:00Z;NYI;BUF
2016020506;2016-12-24T00:00:00Z;NYR;MIN
2016020507;2016-12-24T00:00:00Z;PIT;NJD
2016020508;2016-12-24T00:00:00Z;WSH;TBL
2016020509;2016-12-24T00:00:00Z;CBJ;MTL
2016020510;2016-12-24T00:30:00Z;FLA;DET
2016020511;2016-12-24T00:30:00Z;CAR;BOS
2016020512;2016-12-24T01:30:00Z;CHI;COL
2016020513;2016-12-24T01:30:00Z;DAL;LAK
2016020514;2016-12-24T02:00:00Z;CGY;VAN
2016020515;2016-12-24T02:00:00Z;ARI;TOR
2016020516;2016-12-24T03:30:00Z;SJS;EDM
2016020517;2016-12-28T00:00:00Z;NJD;PIT
2016020518;2016-12-28T00:00:00Z;NYI;WSH
2016020519;2016-12-28T00:00:00Z;NYR;OTT
2016020520;2016-12-28T00:00:00Z;CBJ;BOS
2016020521;2016-12-28T00:30:00Z;DET;BUF
2016020522;2016-12-28T01:00:00Z;NSH;MIN
2016020523;2016-12-28T01:30:00Z;CHI;WPG
2016020524;2016-12-28T02:00:00Z;COL;CGY
2016020525;2016-12-28T02:00:00Z;ARI;DAL
2016020526;2016-12-28T03:00:00Z;ANA;SJS
2016020527;2016-12-29T00:00:00Z;FLA;TOR
2016020528;2016-12-29T00:00:00Z;PIT;CAR
2016020529;2016-12-29T00:30:00Z;TBL;MTL
2016020530;2016-12-29T01:00:00Z;STL;PHI
2016020531;2016-12-29T03:00:00Z;VAN;LAK
2016020532;2016-12-30T00:00:00Z;BUF;BOS
2016020533;2016-12-30T00:00:00Z;WSH;NJD
2016020534;2016-12-30T00:30:00Z;OTT;DET
2016020535;2016-12-30T00:30:00Z;TBL;TOR
2016020536;2016-12-30T00:30:00Z;FLA;MTL
2016020537;2016-12-30T01:00:00Z;NSH;CHI
2016020538;2016-12-30T01:00:00Z;MIN;NYI
2016020539;2016-12-30T01:00:00Z;WPG;CBJ
2016020540;2016-12-30T01:30:00Z;DAL;COL
2016020541;2016-12-30T02:00:00Z;CGY;ANA
2016020542;2016-12-30T02:00:00Z;EDM;LAK
2016020543;2016-12-30T02:00:00Z;ARI;NYR
2016020544;2016-12-31T00:30:00Z;CAR;CHI
2016020545;2016-12-31T01:00:00Z;STL;NSH
2016020546;2016-12-31T03:00:00Z;VAN;ANA
2016020547;2016-12-31T03:00:00Z;SJS;PHI
2016020548;2016-12-31T18:00:00Z;BOS;BUF
2016020549;2016-12-31T18:00:00Z;NJD;WSH
2016020550;2016-12-31T23:00:00Z;MIN;CBJ
2016020553;2017-01-01T00:00:00Z;WPG;NYI
2016020551;2017-01-01T00:00:00Z;TBL;CAR
2016020552;2017-01-01T00:00:00Z;PIT;MTL
2016020555;2017-01-01T01:00:00Z;COL;NYR
2016020554;2017-01-01T01:00:00Z;DAL;FLA
2016020556;2017-01-01T03:00:00Z;CGY;ARI
2016020557;2017-01-01T03:00:00Z;EDM;VAN
2016020558;2017-01-01T03:30:00Z;LAK;SJS
2016020559;2017-01-01T20:00:00Z;TOR;DET
2016020560;2017-01-02T00:30:00Z;WSH;OTT
2016020561;2017-01-02T01:00:00Z;ANA;PHI
2016020562;2017-01-02T18:00:00Z;STL;CHI
2016020563;2017-01-03T00:00:00Z;NJD;BOS
2016020564;2017-01-03T03:00:00Z;VAN;COL
2016020567;2017-01-04T00:00:00Z;CAR;NJD
2016020565;2017-01-04T00:00:00Z;NYR;BUF
2016020566;2017-01-04T00:00:00Z;WSH;TOR
2016020568;2017-01-04T00:00:00Z;CBJ;EDM
2016020569;2017-01-04T00:30:00Z;TBL;WPG
2016020570;2017-01-04T01:00:00Z;NSH;MTL
2016020571;2017-01-04T03:30:00Z;SJS;LAK
2016020572;2017-01-05T00:00:00Z;FLA;WPG
2016020574;2017-01-05T01:00:00Z;DAL;MTL
2016020573;2017-01-05T01:00:00Z;PHI;NYR
2016020576;2017-01-05T03:00:00Z;VAN;ARI
2016020575;2017-01-05T03:00:00Z;CGY;COL
2016020577;2017-01-05T03:30:00Z;ANA;DET
2016020578;2017-01-06T00:00:00Z;BOS;EDM
2016020579;2017-01-06T00:00:00Z;WSH;CBJ
2016020580;2017-01-06T00:30:00Z;TBL;NSH
2016020581;2017-01-06T01:00:00Z;STL;CAR
2016020582;2017-01-06T01:30:00Z;CHI;BUF
2016020583;2017-01-06T03:30:00Z;LAK;DET
2016020584;2017-01-06T03:30:00Z;SJS;MIN
2016020586;2017-01-07T00:30:00Z;NJD;TOR
2016020585;2017-01-07T00:30:00Z;FLA;NSH
2016020587;2017-01-07T01:30:00Z;CHI;CAR
2016020588;2017-01-07T02:00:00Z;COL;NYI
2016020589;2017-01-07T03:00:00Z;VAN;CGY
2016020590;2017-01-07T03:00:00Z;ANA;ARI
2016020592;2017-01-07T18:00:00Z;PHI;TBL
2016020591;2017-01-07T18:00:00Z;BUF;WPG
2016020593;2017-01-07T21:00:00Z;LAK;MIN
2016020598;2017-01-08T00:00:00Z;CBJ;NYR
2016020596;2017-01-08T00:00:00Z;FLA;BOS
2016020594;2017-01-08T00:00:00Z;TOR;MTL
2016020595;2017-01-08T00:00:00Z;OTT;WSH
2016020597;2017-01-08T00:00:00Z;NJD;EDM
2016020600;2017-01-08T01:00:00Z;ARI;NYI
2016020599;2017-01-08T01:00:00Z;STL;DAL
2016020601;2017-01-08T03:00:00Z;CGY;VAN
2016020602;2017-01-08T03:30:00Z;SJS;DET
2016020603;2017-01-08T18:00:00Z;PIT;TBL
2016020604;2017-01-08T22:00:00Z;CAR;BOS
2016020605;2017-01-08T23:00:00Z;CBJ;PHI
2016020607;2017-01-09T00:00:00Z;CHI;NSH
2016020606;2017-01-09T00:00:00Z;OTT;EDM
2016020608;2017-01-09T01:00:00Z;ANA;MIN
2016020609;2017-01-10T00:00:00Z;NJD;FLA
2016020610;2017-01-10T00:30:00Z;MTL;WSH
2016020611;2017-01-10T01:00:00Z;WPG;CGY
2016020612;2017-01-10T03:30:00Z;LAK;DAL
2016020613;2017-01-11T00:00:00Z;BUF;PHI
2016020614;2017-01-11T00:00:00Z;CAR;CBJ
2016020615;2017-01-11T01:00:00Z;STL;BOS
2016020616;2017-01-11T01:00:00Z;NSH;VAN
2016020617;2017-01-11T01:30:00Z;CHI;DET
2016020618;2017-01-11T02:00:00Z;EDM;SJS
2016020619;2017-01-11T03:00:00Z;ANA;DAL
2016020620;2017-01-12T00:00:00Z;NYI;FLA
2016020621;2017-01-12T00:30:00Z;WPG;MTL
2016020622;2017-01-12T01:00:00Z;WSH;PIT
2016020623;2017-01-12T02:30:00Z;CGY;SJS
2016020624;2017-01-13T00:00:00Z;PHI;VAN
2016020625;2017-01-13T00:30:00Z;OTT;PIT
2016020626;2017-01-13T00:30:00Z;TBL;BUF
2016020627;2017-01-13T01:00:00Z;NSH;BOS
2016020628;2017-01-13T01:00:00Z;MIN;MTL
2016020629;2017-01-13T01:30:00Z;DAL;DET
2016020631;2017-01-13T02:00:00Z;EDM;NJD
2016020630;2017-01-13T02:00:00Z;COL;ANA
2016020632;2017-01-13T03:30:00Z;LAK;STL
2016020633;2017-01-14T00:00:00Z;NYR;TOR
2016020634;2017-01-14T00:00:00Z;WSH;CHI
2016020636;2017-01-14T00:30:00Z;FLA;NYI
2016020637;2017-01-14T00:30:00Z;CAR;BUF
2016020635;2017-01-14T00:30:00Z;TBL;CBJ
2016020638;2017-01-14T02:00:00Z;CGY;NJD
2016020639;2017-01-14T02:00:00Z;ARI;WPG
2016020640;2017-01-14T18:00:00Z;BOS;PHI
2016020641;2017-01-14T20:00:00Z;COL;NSH
2016020642;2017-01-15T00:00:00Z;MTL;NYR
2016020644;2017-01-15T00:00:00Z;DET;PIT
2016020643;2017-01-15T00:00:00Z;OTT;TOR
2016020645;2017-01-15T00:00:00Z;FLA;CBJ
2016020647;2017-01-15T01:00:00Z;ARI;ANA
2016020646;2017-01-15T01:00:00Z;CAR;NYI
2016020648;2017-01-15T02:00:00Z;DAL;MIN
2016020650;2017-01-15T03:00:00Z;LAK;WPG
2016020649;2017-01-15T03:00:00Z;EDM;CGY
2016020651;2017-01-15T03:30:00Z;SJS;STL
2016020652;2017-01-15T17:30:00Z;WSH;PHI
2016020654;2017-01-16T00:00:00Z;VAN;NJD
2016020653;2017-01-16T00:00:00Z;CHI;MIN
2016020655;2017-01-16T02:00:00Z;ANA;STL
2016020656;2017-01-16T18:00:00Z;BOS;NYI
2016020657;2017-01-16T18:00:00Z;BUF;DAL
2016020658;2017-01-16T20:00:00Z;DET;MTL
2016020659;2017-01-16T21:00:00Z;LAK;TBL
2016020660;2017-01-16T21:00:00Z;SJS;WPG
2016020661;2017-01-17T00:00:00Z;PIT;WSH
2016020662;2017-01-17T02:00:00Z;EDM;ARI
2016020664;2017-01-18T00:00:00Z;CBJ;CAR
2016020663;2017-01-18T00:00:00Z;NYR;DAL
2016020665;2017-01-18T00:30:00Z;TOR;BUF
2016020667;2017-01-18T01:00:00Z;MIN;NJD
2016020666;2017-01-18T01:00:00Z;STL;OTT
2016020669;2017-01-18T02:00:00Z;CGY;FLA
2016020668;2017-01-18T02:00:00Z;COL;CHI
2016020671;2017-01-18T03:00:00Z;ANA;TBL
2016020670;2017-01-18T03:00:00Z;VAN;NSH
2016020673;2017-01-19T00:30:00Z;WPG;ARI
2016020672;2017-01-19T00:30:00Z;MTL;PIT
2016020674;2017-01-19T01:00:00Z;DET;BOS
2016020675;2017-01-19T02:30:00Z;EDM;FLA
2016020676;2017-01-19T03:30:00Z;LAK;SJS
2016020678;2017-01-20T00:00:00Z;CBJ;OTT
2016020677;2017-01-20T00:00:00Z;NYI;DAL
2016020679;2017-01-20T00:30:00Z;TOR;NYR
2016020680;2017-01-20T01:00:00Z;STL;WSH
2016020681;2017-01-20T01:00:00Z;MIN;ARI
2016020682;2017-01-20T02:00:00Z;CGY;NSH
2016020683;2017-01-20T03:00:00Z;ANA;COL
2016020684;2017-01-20T03:30:00Z;SJS;TBL
2016020687;2017-01-21T00:00:00Z;CAR;PIT
2016020685;2017-01-21T00:00:00Z;BOS;CHI
2016020686;2017-01-21T00:00:00Z;BUF;DET
2016020688;2017-01-21T00:30:00Z;NJD;MTL
2016020689;2017-01-21T02:00:00Z;EDM;NSH
2016020690;2017-01-21T03:00:00Z;VAN;FLA
2016020691;2017-01-21T20:00:00Z;WPG;STL
2016020692;2017-01-21T22:00:00Z;CBJ;CAR
2016020696;2017-01-22T00:00:00Z;PHI;NJD
2016020694;2017-01-22T00:00:00Z;MTL;BUF
2016020693;2017-01-22T00:00:00Z;TOR;OTT
2016020695;2017-01-22T00:00:00Z;NYI;LAK
2016020698;2017-01-22T01:00:00Z;ARI;TBL
2016020697;2017-01-22T01:00:00Z;DAL;WSH
2016020699;2017-01-22T02:00:00Z;MIN;ANA
2016020700;2017-01-22T03:00:00Z;CGY;EDM
2016020701;2017-01-22T03:30:00Z;SJS;COL
2016020702;2017-01-22T17:30:00Z;PIT;BOS
2016020703;2017-01-22T20:00:00Z;DET;NYR
2016020704;2017-01-22T22:00:00Z;OTT;CBJ
2016020705;2017-01-22T23:00:00Z;NYI;PHI
2016020706;2017-01-23T00:30:00Z;CHI;VAN
2016020707;2017-01-23T01:00:00Z;MIN;NSH
2016020709;2017-01-24T00:00:00Z;WSH;CAR
2016020708;2017-01-24T00:00:00Z;NYR;LAK
2016020710;2017-01-24T00:30:00Z;TOR;CGY
2016020711;2017-01-24T01:00:00Z;WPG;ANA
2016020713;2017-01-24T02:00:00Z;ARI;FLA
2016020712;2017-01-24T02:00:00Z;COL;SJS
2016020714;2017-01-25T00:00:00Z;BOS;DET
2016020717;2017-01-25T00:00:00Z;PIT;STL
2016020715;2017-01-25T00:00:00Z;NJD;LAK
2016020716;2017-01-25T00:00:00Z;NYI;CBJ
2016020719;2017-01-25T00:30:00Z;OTT;WSH
2016020718;2017-01-25T00:30:00Z;MTL;CGY
2016020720;2017-01-25T01:00:00Z;NSH;BUF
2016020721;2017-01-25T01:00:00Z;WPG;SJS
2016020722;2017-01-25T01:30:00Z;CHI;TBL
2016020723;2017-01-25T01:30:00Z;DAL;MIN
2016020724;2017-01-26T00:00:00Z;DET;TOR
2016020725;2017-01-26T01:00:00Z;NYR;PHI
2016020726;2017-01-26T02:30:00Z;COL;VAN
2016020727;2017-01-26T03:00:00Z;ANA;EDM
2016020728;2017-01-27T00:00:00Z;BOS;PIT
2016020730;2017-01-27T00:00:00Z;NYI;MTL
2016020731;2017-01-27T00:00:00Z;PHI;TOR
2016020729;2017-01-27T00:00:00Z;NJD;WSH
2016020732;2017-01-27T00:00:00Z;CAR;LAK
2016020734;2017-01-27T00:30:00Z;FLA;TBL
2016020733;2017-01-27T00:30:00Z;OTT;CGY
2016020736;2017-01-27T01:00:00Z;MIN;STL
2016020735;2017-01-27T01:00:00Z;NSH;CBJ
2016020738;2017-01-27T01:30:00Z;DAL;BUF
2016020737;2017-01-27T01:30:00Z;CHI;WPG
2016020739;2017-01-27T02:00:00Z;ARI;VAN
2016020740;2017-01-27T03:30:00Z;SJS;EDM
2016020744;2017-02-01T00:00:00Z;CAR;PHI
2016020741;2017-02-01T00:00:00Z;NYI;WSH
2016020743;2017-02-01T00:00:00Z;PIT;NSH
2016020742;2017-02-01T00:00:00Z;NYR;CBJ
2016020746;2017-02-01T00:30:00Z;DET;NJD
2016020747;2017-02-01T00:30:00Z;TBL;BOS
2016020745;2017-02-01T00:30:00Z;MTL;BUF
2016020748;2017-02-01T00:30:00Z;FLA;OTT
2016020749;2017-02-01T01:00:00Z;STL;WPG
2016020750;2017-02-01T01:30:00Z;DAL;TOR
2016020752;2017-02-01T02:00:00Z;ARI;LAK
2016020751;2017-02-01T02:00:00Z;EDM;MIN
2016020753;2017-02-01T03:00:00Z;ANA;COL
2016020754;2017-02-01T03:30:00Z;SJS;CHI
2016020755;2017-02-02T01:00:00Z;WSH;BOS
2016020756;2017-02-02T03:00:00Z;CGY;MIN
2016020757;2017-02-02T03:30:00Z;LAK;COL
2016020758;2017-02-03T00:00:00Z;BUF;NYR
2016020759;2017-02-03T00:00:00Z;PHI;MTL
2016020760;2017-02-03T00:30:00Z;TBL;OTT
2016020761;2017-02-03T01:00:00Z;STL;TOR
2016020762;2017-02-03T01:00:00Z;NSH;EDM
2016020763;2017-02-03T01:30:00Z;DAL;WPG
2016020764;2017-02-03T02:00:00Z;ARI;CHI
2016020765;2017-02-03T03:00:00Z;VAN;SJS
2016020766;2017-02-04T00:00:00Z;PIT;CBJ
2016020767;2017-02-04T00:30:00Z;DET;NYI
2016020768;2017-02-04T00:30:00Z;FLA;ANA
2016020769;2017-02-04T00:30:00Z;NJD;CGY
2016020770;2017-02-04T00:30:00Z;CAR;EDM
2016020771;2017-02-04T18:00:00Z;MTL;WSH
2016020772;2017-02-04T18:00:00Z;PHI;LAK
2016020773;2017-02-04T20:00:00Z;COL;WPG
2016020774;2017-02-05T00:00:00Z;BOS;TOR
2016020775;2017-02-05T00:00:00Z;BUF;OTT
2016020776;2017-02-05T00:00:00Z;TBL;ANA
2016020777;2017-02-05T00:00:00Z;NYI;CAR
2016020778;2017-02-05T00:00:00Z;CBJ;NJD
2016020779;2017-02-05T01:00:00Z;STL;PIT
2016020780;2017-02-05T01:00:00Z;NSH;DET
2016020781;2017-02-05T01:00:00Z;DAL;CHI
2016020782;2017-02-05T03:00:00Z;VAN;MIN
2016020783;2017-02-05T03:30:00Z;SJS;ARI
2016020784;2017-02-05T17:00:00Z;WSH;LAK
2016020785;2017-02-05T18:00:00Z;MTL;EDM
2016020786;2017-02-05T19:00:00Z;NYR;CGY
2016020787;2017-02-07T00:00:00Z;NJD;BUF
2016020788;2017-02-07T00:00:00Z;NYI;TOR
2016020789;2017-02-07T00:00:00Z;PHI;STL
2016020790;2017-02-08T00:00:00Z;BUF;SJS
2016020791;2017-02-08T00:00:00Z;NYR;ANA
2016020792;2017-02-08T00:00:00Z;PIT;CGY
2016020793;2017-02-08T00:00:00Z;WSH;CAR
2016020794;2017-02-08T00:30:00Z;TOR;DAL
2016020795;2017-02-08T00:30:00Z;OTT;STL
2016020796;2017-02-08T00:30:00Z;DET;CBJ
2016020797;2017-02-08T00:30:00Z;TBL;LAK
2016020798;2017-02-08T01:00:00Z;NSH;VAN
2016020799;2017-02-08T01:00:00Z;WPG;MIN
2016020800;2017-02-08T02:00:00Z;COL;MTL
2016020801;2017-02-09T01:00:00Z;MIN;CHI
2016020802;2017-02-10T00:00:00Z;BOS;SJS
2016020803;2017-02-10T00:00:00Z;BUF;ANA
2016020804;2017-02-10T00:00:00Z;NYR;NSH
2016020805;2017-02-10T00:00:00Z;PHI;NYI
2016020806;2017-02-10T00:00:00Z;WSH;DET
2016020807;2017-02-10T00:00:00Z;CBJ;VAN
2016020808;2017-02-10T00:30:00Z;TOR;STL
2016020809;2017-02-10T00:30:00Z;OTT;DAL
2016020810;2017-02-10T00:30:00Z;FLA;LAK
2016020811;2017-02-10T02:00:00Z;COL;PIT
2016020812;2017-02-10T02:00:00Z;ARI;MTL
2016020813;2017-02-11T01:00:00Z;MIN;TBL
2016020814;2017-02-11T01:00:00Z;WPG;CHI
2016020815;2017-02-11T18:00:00Z;BOS;VAN
2016020816;2017-02-11T18:00:00Z;OTT;NYI
2016020817;2017-02-11T18:00:00Z;PHI;SJS
2016020818;2017-02-11T19:00:00Z;NSH;FLA
2016020819;2017-02-11T19:00:00Z;DAL;CAR
2016020820;2017-02-11T22:00:00Z;CBJ;DET
2016020825;2017-02-12T00:00:00Z;WPG;TBL
2016020821;2017-02-12T00:00:00Z;TOR;BUF
2016020822;2017-02-12T00:00:00Z;MTL;STL
2016020823;2017-02-12T00:00:00Z;NYR;COL
2016020824;2017-02-12T00:00:00Z;WSH;ANA
2016020826;2017-02-12T01:00:00Z;ARI;PIT
2016020827;2017-02-12T03:00:00Z;EDM;CHI
2016020828;2017-02-12T17:30:00Z;NJD;SJS
2016020829;2017-02-12T20:00:00Z;MIN;DET
2016020831;2017-02-12T23:00:00Z;NSH;DAL
2016020830;2017-02-12T23:00:00Z;NYI;COL
2016020832;2017-02-13T00:30:00Z;BOS;MTL
2016020833;2017-02-13T00:30:00Z;BUF;VAN
2016020834;2017-02-14T00:00:00Z;CBJ;NYR
2016020835;2017-02-14T02:00:00Z;CGY;ARI
2016020836;2017-02-15T00:00:00Z;NJD;COL
2016020837;2017-02-15T00:00:00Z;PIT;VAN
2016020838;2017-02-15T00:30:00Z;TOR;NYI
2016020839;2017-02-15T00:30:00Z;OTT;BUF
2016020840;2017-02-15T01:00:00Z;MIN;ANA
2016020841;2017-02-15T01:00:00Z;WPG;DAL
2016020842;2017-02-15T02:00:00Z;EDM;ARI
2016020843;2017-02-16T00:00:00Z;CBJ;TOR
2016020844;2017-02-16T01:00:00Z;DET;STL
2016020845;2017-02-16T02:30:00Z;CGY;PHI
2016020846;2017-02-16T03:30:00Z;SJS;FLA
2016020847;2017-02-17T00:00:00Z;BUF;COL
2016020848;2017-02-17T00:00:00Z;NJD;OTT
2016020849;2017-02-17T00:00:00Z;NYI;NYR
2016020850;2017-02-17T00:00:00Z;PIT;WPG
2016020851;2017-02-17T01:00:00Z;STL;VAN
2016020852;2017-02-17T01:00:00Z;MIN;DAL
2016020853;2017-02-17T02:00:00Z;EDM;PHI
2016020854;2017-02-17T03:30:00Z;LAK;ARI
2016020855;2017-02-18T00:00:00Z;CBJ;PIT
2016020856;2017-02-18T00:30:00Z;CAR;COL
2016020857;2017-02-18T03:00:00Z;ANA;FLA
2016020858;2017-02-18T18:00:00Z;BUF;STL
2016020859;2017-02-18T19:00:00Z;MTL;WPG
2016020860;2017-02-18T19:00:00Z;DET;WSH
2016020863;2017-02-19T00:00:00Z;CHI;EDM
2016020861;2017-02-19T00:00:00Z;TOR;OTT
2016020862;2017-02-19T00:00:00Z;NJD;NYI
2016020866;2017-02-19T01:00:00Z;ARI;SJS
2016020864;2017-02-19T01:00:00Z;DAL;TBL
2016020865;2017-02-19T01:00:00Z;MIN;NSH
2016020867;2017-02-19T03:00:00Z;VAN;CGY
2016020868;2017-02-19T03:00:00Z;LAK;FLA
2016020869;2017-02-19T17:30:00Z;NYR;WSH
2016020870;2017-02-19T20:00:00Z;PIT;DET
2016020871;2017-02-19T22:00:00Z;OTT;WPG
2016020872;2017-02-19T23:00:00Z;BUF;CHI
2016020873;2017-02-19T23:00:00Z;NYI;NJD
2016020874;2017-02-19T23:00:00Z;CBJ;NSH
2016020875;2017-02-20T00:30:00Z;CAR;TOR
2016020876;2017-02-20T01:00:00Z;COL;TBL
2016020877;2017-02-20T01:30:00Z;SJS;BOS
2016020878;2017-02-20T02:00:00Z;ANA;LAK
2016020879;2017-02-20T03:00:00Z;VAN;PHI
2016020880;2017-02-21T01:00:00Z;STL;FLA
2016020881;2017-02-21T02:00:00Z;ARI;ANA
2016020882;2017-02-22T00:00:00Z;NJD;OTT
2016020883;2017-02-22T00:00:00Z;NYR;MTL
2016020884;2017-02-22T00:00:00Z;CAR;PIT
2016020885;2017-02-22T00:30:00Z;TOR;WPG
2016020886;2017-02-22T00:30:00Z;DET;NYI
2016020887;2017-02-22T00:30:00Z;TBL;EDM
2016020888;2017-02-22T01:00:00Z;NSH;CGY
2016020889;2017-02-22T01:00:00Z;MIN;CHI
2016020890;2017-02-22T02:00:00Z;COL;LAK
2016020891;2017-02-23T00:30:00Z;FLA;EDM
2016020892;2017-02-23T01:00:00Z;PHI;WSH
2016020893;2017-02-23T03:30:00Z;ANA;BOS
2016020894;2017-02-24T00:30:00Z;TOR;NYR
2016020895;2017-02-24T00:30:00Z;MTL;NYI
2016020896;2017-02-24T00:30:00Z;TBL;CGY
2016020897;2017-02-24T01:00:00Z;NSH;COL
2016020898;2017-02-24T01:30:00Z;CHI;ARI
2016020899;2017-02-24T03:30:00Z;LAK;BOS
2016020900;2017-02-25T00:00:00Z;WSH;EDM
2016020901;2017-02-25T00:30:00Z;FLA;CGY
2016020902;2017-02-25T00:30:00Z;CAR;OTT
2016020903;2017-02-25T01:30:00Z;DAL;ARI
2016020904;2017-02-25T21:00:00Z;LAK;ANA
2016020906;2017-02-25T22:00:00Z;NSH;WSH
2016020905;2017-02-25T22:00:00Z;NJD;NYR
2016020909;2017-02-25T22:00:00Z;CBJ;NYI
2016020907;2017-02-26T00:00:00Z;TOR;MTL
2016020908;2017-02-26T01:00:00Z;PIT;PHI
2016020911;2017-02-26T03:00:00Z;VAN;SJS
2016020910;2017-02-26T03:00:00Z;COL;BUF
2016020912;2017-02-26T17:30:00Z;DAL;BOS
2016020913;2017-02-26T20:00:00Z;CAR;CGY
2016020915;2017-02-26T22:00:00Z;NSH;EDM
2016020914;2017-02-26T22:00:00Z;NYR;CBJ
2016020917;2017-02-27T00:30:00Z;CHI;STL
2016020916;2017-02-27T00:30:00Z;FLA;OTT
2016020918;2017-02-27T01:30:00Z;ARI;BUF
2016020919;2017-02-28T00:00:00Z;NJD;MTL
2016020920;2017-02-28T00:30:00Z;TBL;OTT
2016020921;2017-02-28T01:00:00Z;MIN;LAK
2016020922;2017-03-01T00:00:00Z;BOS;ARI
2016020923;2017-03-01T00:00:00Z;BUF;NSH
2016020924;2017-03-01T00:00:00Z;NYR;WSH
2016020925;2017-03-01T00:00:00Z;PHI;COL
2016020926;2017-03-01T00:30:00Z;MTL;CBJ
2016020927;2017-03-01T00:30:00Z;FLA;CAR
2016020928;2017-03-01T01:00:00Z;STL;EDM
2016020929;2017-03-01T01:00:00Z;WPG;MIN
2016020930;2017-03-01T01:30:00Z;DAL;PIT
2016020931;2017-03-01T02:00:00Z;CGY;LAK
2016020932;2017-03-01T03:00:00Z;VAN;DET
2016020933;2017-03-01T03:30:00Z;SJS;TOR
2016020934;2017-03-02T00:00:00Z;TBL;CAR
2016020935;2017-03-02T01:00:00Z;CHI;PIT
2016020936;2017-03-03T00:00:00Z;BOS;NYR
2016020937;2017-03-03T00:00:00Z;BUF;ARI
2016020938;2017-03-03T00:00:00Z;PHI;FLA
2016020939;2017-03-03T00:00:00Z;WSH;NJD
2016020940;2017-03-03T00:00:00Z;CBJ;MIN
2016020941;2017-03-03T00:30:00Z;MTL;NSH
2016020942;2017-03-03T00:30:00Z;OTT;COL
2016020943;2017-03-03T01:30:00Z;DAL;NYI
2016020944;2017-03-03T03:30:00Z;LAK;TOR
2016020945;2017-03-03T03:30:00Z;SJS;VAN
2016020946;2017-03-04T00:00:00Z;PIT;TBL
2016020947;2017-03-04T00:30:00Z;CAR;ARI
2016020948;2017-03-04T01:00:00Z;WPG;STL
2016020949;2017-03-04T01:30:00Z;CHI;NYI
2016020950;2017-03-04T02:00:00Z;CGY;DET
2016020951;2017-03-04T03:00:00Z;ANA;TOR
2016020958;2017-03-05T00:00:00Z;WPG;COL
2016020952;2017-03-05T00:00:00Z;BOS;NJD
2016020953;2017-03-05T00:00:00Z;BUF;TBL
2016020954;2017-03-05T00:00:00Z;OTT;CBJ
2016020955;2017-03-05T00:00:00Z;FLA;DAL
2016020956;2017-03-05T00:00:00Z;NYR;MTL
2016020957;2017-03-05T00:00:00Z;WSH;PHI
2016020959;2017-03-05T01:00:00Z;NSH;CHI
2016020961;2017-03-05T03:00:00Z;LAK;VAN
2016020960;2017-03-05T03:00:00Z;EDM;DET
2016020962;2017-03-05T21:00:00Z;CGY;NYI
2016020963;2017-03-05T22:00:00Z;NJD;CBJ
2016020964;2017-03-05T22:00:00Z;PIT;BUF
2016020965;2017-03-05T23:00:00Z;MIN;SJS
2016020967;2017-03-06T01:00:00Z;ANA;VAN
2016020966;2017-03-06T01:00:00Z;COL;STL
2016020968;2017-03-06T01:30:00Z;ARI;CAR
2016020969;2017-03-07T00:00:00Z;WSH;DAL
2016020970;2017-03-07T00:30:00Z;OTT;BOS
2016020971;2017-03-07T00:30:00Z;TBL;NYR
2016020972;2017-03-07T01:00:00Z;WPG;SJS
2016020973;2017-03-08T00:00:00Z;BUF;PHI
2016020974;2017-03-08T00:00:00Z;CBJ;NJD
2016020975;2017-03-08T00:30:00Z;TOR;DET
2016020976;2017-03-08T00:30:00Z;FLA;NYR
2016020977;2017-03-08T01:00:00Z;MIN;STL
2016020978;2017-03-08T02:00:00Z;COL;CAR
2016020979;2017-03-08T02:00:00Z;EDM;NYI
2016020980;2017-03-08T03:00:00Z;VAN;MTL
2016020981;2017-03-08T03:00:00Z;ANA;NSH
2016020983;2017-03-09T01:00:00Z;DAL;OTT
2016020984;2017-03-09T01:00:00Z;WPG;PIT
2016020982;2017-03-09T01:00:00Z;BOS;DET
2016020985;2017-03-10T00:00:00Z;CAR;NYR
2016020986;2017-03-10T00:30:00Z;TOR;PHI
2016020987;2017-03-10T00:30:00Z;TBL;MIN
2016020988;2017-03-10T01:30:00Z;CHI;ANA
2016020989;2017-03-10T02:00:00Z;COL;NJD
2016020990;2017-03-10T02:00:00Z;CGY;MTL
2016020991;2017-03-10T02:00:00Z;ARI;OTT
2016020992;2017-03-10T03:00:00Z;VAN;NYI
2016020993;2017-03-10T03:30:00Z;LAK;NSH
2016020994;2017-03-10T03:30:00Z;SJS;WSH
2016020995;2017-03-11T00:00:00Z;CBJ;BUF
2016020996;2017-03-11T00:30:00Z;DET;CHI
2016020997;2017-03-11T00:30:00Z;FLA;MIN
2016020998;2017-03-11T01:00:00Z;STL;ANA
2016020999;2017-03-11T02:00:00Z;EDM;PIT
2016021000;2017-03-11T18:00:00Z;BOS;PHI
2016021001;2017-03-11T21:00:00Z;SJS;NSH
2016021006;2017-03-12T00:00:00Z;COL;OTT
2016021005;2017-03-12T00:00:00Z;WPG;CGY
2016021002;2017-03-12T00:00:00Z;BUF;CBJ
2016021003;2017-03-12T00:00:00Z;TBL;FLA
2016021004;2017-03-12T00:00:00Z;CAR;TOR
2016021008;2017-03-12T01:00:00Z;ARI;NJD
2016021007;2017-03-12T01:00:00Z;STL;NYI
2016021009;2017-03-12T03:00:00Z;VAN;PIT
2016021010;2017-03-12T03:30:00Z;LAK;WSH
2016021011;2017-03-12T16:30:00Z;DET;NYR
2016021013;2017-03-12T23:00:00Z;EDM;MTL
2016021012;2017-03-12T23:00:00Z;CHI;MIN
2016021014;2017-03-13T01:30:00Z;ANA;WSH
2016021015;2017-03-13T02:00:00Z;SJS;DAL
2016021016;2017-03-13T23:00:00Z;NYI;CAR
2016021017;2017-03-13T23:00:00Z;NYR;TBL
2016021018;2017-03-13T23:00:00Z;PHI;CBJ
2016021019;2017-03-14T00:00:00Z;NSH;WPG
2016021020;2017-03-14T01:00:00Z;CGY;PIT
2016021021;2017-03-14T02:00:00Z;VAN;BOS
2016021022;2017-03-14T02:00:00Z;ARI;COL
2016021023;2017-03-14T02:00:00Z;LAK;STL
2016021024;2017-03-14T23:00:00Z;NJD;WPG
2016021025;2017-03-14T23:00:00Z;WSH;MIN
2016021026;2017-03-14T23:00:00Z;CAR;NYI
2016021027;2017-03-14T23:30:00Z;MTL;CHI
2016021028;2017-03-14T23:30:00Z;OTT;TBL
2016021029;2017-03-14T23:30:00Z;FLA;TOR
2016021030;2017-03-15T01:00:00Z;EDM;DAL
2016021031;2017-03-15T02:30:00Z;LAK;ARI
2016021032;2017-03-15T02:30:00Z;SJS;BUF
2016021033;2017-03-15T23:30:00Z;PHI;PIT
2016021034;2017-03-16T01:00:00Z;CGY;BOS
2016021036;2017-03-16T02:00:00Z;ANA;STL
2016021035;2017-03-16T02:00:00Z;COL;DET
2016021037;2017-03-16T23:00:00Z;NJD;PHI
2016021038;2017-03-16T23:00:00Z;NYI;WPG
2016021039;2017-03-16T23:00:00Z;WSH;NSH
2016021040;2017-03-16T23:00:00Z;CAR;MIN
2016021041;2017-03-16T23:00:00Z;CBJ;FLA
2016021042;2017-03-16T23:30:00Z;OTT;CHI
2016021043;2017-03-16T23:30:00Z;TBL;TOR
2016021044;2017-03-17T01:00:00Z;EDM;BOS
2016021045;2017-03-17T02:00:00Z;VAN;DAL
2016021046;2017-03-17T02:00:00Z;ARI;DET
2016021047;2017-03-17T02:30:00Z;LAK;BUF
2016021048;2017-03-17T02:30:00Z;SJS;STL
2016021049;2017-03-17T23:00:00Z;NYR;FLA
2016021050;2017-03-17T23:00:00Z;PIT;NJD
2016021051;2017-03-18T01:00:00Z;CGY;DAL
2016021052;2017-03-18T02:00:00Z;ANA;BUF
2016021053;2017-03-18T17:00:00Z;DET;COL
2016021054;2017-03-18T17:00:00Z;NYI;CBJ
2016021059;2017-03-18T23:00:00Z;MIN;NYR
2016021055;2017-03-18T23:00:00Z;TOR;CHI
2016021056;2017-03-18T23:00:00Z;OTT;MTL
2016021057;2017-03-18T23:00:00Z;TBL;WSH
2016021058;2017-03-18T23:00:00Z;CAR;NSH
2016021060;2017-03-19T01:00:00Z;ARI;STL
2016021061;2017-03-19T02:00:00Z;EDM;VAN
2016021062;2017-03-19T02:30:00Z;SJS;ANA
2016021063;2017-03-19T17:00:00Z;NJD;CBJ
2016021064;2017-03-19T17:00:00Z;PIT;FLA
2016021065;2017-03-19T21:00:00Z;WPG;MIN
2016021067;2017-03-19T23:00:00Z;CHI;COL
2016021066;2017-03-19T23:00:00Z;PHI;CAR
2016021068;2017-03-19T23:30:00Z;MTL;OTT
2016021069;2017-03-20T01:30:00Z;CGY;LAK
2016021070;2017-03-20T23:30:00Z;TOR;BOS
2016021071;2017-03-20T23:30:00Z;DET;BUF
2016021072;2017-03-21T00:00:00Z;NSH;ARI
2016021073;2017-03-21T00:30:00Z;DAL;SJS
2016021074;2017-03-21T01:00:00Z;EDM;LAK
2016021075;2017-03-21T23:00:00Z;BOS;OTT
2016021076;2017-03-21T23:00:00Z;BUF;PIT
2016021077;2017-03-21T23:00:00Z;NJD;NYR
2016021078;2017-03-21T23:00:00Z;WSH;CGY
2016021079;2017-03-21T23:30:00Z;MTL;DET
2016021080;2017-03-21T23:30:00Z;TBL;ARI
2016021081;2017-03-21T23:30:00Z;FLA;CAR
2016021082;2017-03-22T00:00:00Z;MIN;SJS
2016021083;2017-03-22T00:00:00Z;WPG;PHI
2016021084;2017-03-22T00:30:00Z;CHI;VAN
2016021085;2017-03-22T01:00:00Z;COL;STL
2016021086;2017-03-22T23:00:00Z;CBJ;TOR
2016021087;2017-03-23T00:00:00Z;NYR;NYI
2016021088;2017-03-23T02:00:00Z;ANA;EDM
2016021089;2017-03-23T23:00:00Z;BOS;TBL
2016021090;2017-03-23T23:00:00Z;WSH;CBJ
2016021091;2017-03-23T23:30:00Z;TOR;NJD
2016021093;2017-03-23T23:30:00Z;OTT;PIT
2016021092;2017-03-23T23:30:00Z;MTL;CAR
2016021094;2017-03-23T23:30:00Z;FLA;ARI
2016021097;2017-03-24T00:00:00Z;MIN;PHI
2016021096;2017-03-24T00:00:00Z;NSH;CGY
2016021095;2017-03-24T00:00:00Z;STL;VAN
2016021098;2017-03-24T00:30:00Z;CHI;DAL
2016021099;2017-03-24T01:00:00Z;COL;EDM
2016021100;2017-03-24T02:30:00Z;LAK;WPG
2016021101;2017-03-24T23:00:00Z;PIT;NYI
2016021102;2017-03-24T23:30:00Z;DET;TBL
2016021103;2017-03-25T00:30:00Z;DAL;SJS
2016021104;2017-03-25T02:00:00Z;ANA;WPG
2016021106;2017-03-25T18:00:00Z;MIN;VAN
2016021105;2017-03-25T18:00:00Z;CBJ;PHI
2016021113;2017-03-25T23:00:00Z;STL;CGY
2016021111;2017-03-25T23:00:00Z;NYI;BOS
2016021108;2017-03-25T23:00:00Z;MTL;OTT
2016021107;2017-03-25T23:00:00Z;BUF;TOR
2016021110;2017-03-25T23:00:00Z;NJD;CAR
2016021109;2017-03-25T23:00:00Z;FLA;CHI
2016021112;2017-03-25T23:00:00Z;WSH;ARI
2016021114;2017-03-26T00:00:00Z;NSH;SJS
2016021115;2017-03-26T02:00:00Z;EDM;COL
2016021116;2017-03-26T02:30:00Z;LAK;NYR
2016021117;2017-03-26T16:30:00Z;PIT;PHI
2016021118;2017-03-26T21:00:00Z;NJD;DAL
2016021119;2017-03-26T23:00:00Z;DET;MIN
2016021120;2017-03-27T00:00:00Z;WPG;VAN
2016021121;2017-03-27T01:00:00Z;ANA;NYR
2016021122;2017-03-27T23:00:00Z;BUF;FLA
2016021123;2017-03-27T23:00:00Z;NYI;NSH
2016021124;2017-03-27T23:30:00Z;TBL;CHI
2016021125;2017-03-28T00:00:00Z;STL;ARI
2016021126;2017-03-28T01:00:00Z;CGY;COL
2016021130;2017-03-28T23:00:00Z;CBJ;BUF
2016021128;2017-03-28T23:00:00Z;PHI;OTT
2016021129;2017-03-28T23:00:00Z;CAR;DET
2016021127;2017-03-28T23:00:00Z;BOS;NSH
2016021131;2017-03-28T23:30:00Z;TOR;FLA
2016021132;2017-03-28T23:30:00Z;MTL;DAL
2016021133;2017-03-29T00:00:00Z;MIN;WSH
2016021134;2017-03-29T01:00:00Z;EDM;LAK
2016021135;2017-03-29T02:00:00Z;VAN;ANA
2016021136;2017-03-29T02:30:00Z;SJS;NYR
2016021137;2017-03-30T00:00:00Z;PIT;CHI
2016021138;2017-03-30T01:00:00Z;CGY;LAK
2016021139;2017-03-30T02:00:00Z;COL;WSH
2016021140;2017-03-30T02:30:00Z;ARI;STL
2016021142;2017-03-30T23:00:00Z;PHI;NYI
2016021141;2017-03-30T23:00:00Z;BOS;DAL
2016021143;2017-03-30T23:00:00Z;CAR;CBJ
2016021144;2017-03-30T23:30:00Z;MTL;FLA
2016021145;2017-03-30T23:30:00Z;TBL;DET
2016021147;2017-03-31T00:00:00Z;MIN;OTT
2016021146;2017-03-31T00:00:00Z;NSH;TOR
2016021148;2017-03-31T00:00:00Z;WPG;ANA
2016021149;2017-03-31T01:00:00Z;EDM;SJS
2016021150;2017-03-31T23:00:00Z;NYR;PIT
2016021151;2017-03-31T23:30:00Z;NYI;NJD
2016021152;2017-04-01T00:30:00Z;CHI;CBJ
2016021153;2017-04-01T01:00:00Z;COL;STL
2016021154;2017-04-01T01:00:00Z;CGY;SJS
2016021156;2017-04-01T02:00:00Z;ARI;WSH
2016021155;2017-04-01T02:00:00Z;VAN;LAK
2016021157;2017-04-01T17:00:00Z;BOS;FLA
2016021158;2017-04-01T18:00:00Z;NSH;MIN
2016021163;2017-04-01T23:00:00Z;WPG;OTT
2016021161;2017-04-01T23:00:00Z;PHI;NJD
2016021160;2017-04-01T23:00:00Z;TBL;MTL
2016021159;2017-04-01T23:00:00Z;DET;TOR
2016021162;2017-04-01T23:00:00Z;CAR;DAL
2016021164;2017-04-02T02:00:00Z;EDM;ANA
2016021165;2017-04-02T16:30:00Z;CHI;BOS
2016021166;2017-04-02T19:00:00Z;BUF;NYI
2016021167;2017-04-02T21:00:00Z;PIT;CAR
2016021170;2017-04-02T22:00:00Z;STL;NSH
2016021171;2017-04-02T22:00:00Z;MIN;COL
2016021169;2017-04-02T22:00:00Z;CBJ;WSH
2016021168;2017-04-02T22:00:00Z;TBL;DAL
2016021172;2017-04-02T23:00:00Z;VAN;SJS
2016021173;2017-04-02T23:30:00Z;NYR;PHI
2016021174;2017-04-03T01:30:00Z;CGY;ANA
2016021175;2017-04-03T02:30:00Z;LAK;ARI
2016021176;2017-04-03T23:00:00Z;BUF;TOR
2016021177;2017-04-03T23:00:00Z;DET;OTT
2016021178;2017-04-03T23:30:00Z;FLA;MTL
2016021179;2017-04-04T23:00:00Z;BOS;TBL
2016021180;2017-04-04T23:00:00Z;NJD;PHI
2016021181;2017-04-04T23:00:00Z;PIT;CBJ
2016021182;2017-04-04T23:30:00Z;TOR;WSH
2016021183;2017-04-04T23:30:00Z;OTT;DET
2016021184;2017-04-05T00:00:00Z;STL;WPG
2016021185;2017-04-05T00:00:00Z;NSH;NYI
2016021186;2017-04-05T00:00:00Z;MIN;CAR
2016021187;2017-04-05T00:30:00Z;DAL;ARI
2016021188;2017-04-05T01:00:00Z;COL;CHI
2016021189;2017-04-05T02:00:00Z;ANA;CGY
2016021190;2017-04-05T02:30:00Z;LAK;EDM
2016021191;2017-04-05T02:30:00Z;SJS;VAN
2016021192;2017-04-05T23:30:00Z;BUF;MTL
2016021193;2017-04-06T00:00:00Z;WSH;NYR
2016021194;2017-04-06T23:00:00Z;BOS;OTT
2016021195;2017-04-06T23:00:00Z;NJD;PIT
2016021196;2017-04-06T23:00:00Z;CAR;NYI
2016021197;2017-04-06T23:00:00Z;CBJ;WPG
2016021198;2017-04-06T23:30:00Z;TOR;TBL
2016021199;2017-04-06T23:30:00Z;FLA;STL
2016021200;2017-04-07T00:30:00Z;DAL;NSH
2016021201;2017-04-07T01:00:00Z;COL;MIN
2016021202;2017-04-07T02:00:00Z;ARI;VAN
2016021203;2017-04-07T02:00:00Z;ANA;CHI
2016021204;2017-04-07T02:30:00Z;LAK;CGY
2016021205;2017-04-07T02:30:00Z;SJS;EDM
2016021206;2017-04-07T23:30:00Z;MTL;TBL
2016021207;2017-04-08T16:30:00Z;OTT;NYR
2016021208;2017-04-08T16:30:00Z;PHI;CBJ
2016021209;2017-04-08T19:00:00Z;BOS;WSH
2016021210;2017-04-08T22:00:00Z;NJD;NYI
2016021215;2017-04-08T23:00:00Z;WPG;NSH
2016021211;2017-04-08T23:00:00Z;TOR;PIT
2016021212;2017-04-08T23:00:00Z;DET;MTL
2016021213;2017-04-08T23:00:00Z;FLA;BUF
2016021214;2017-04-08T23:00:00Z;CAR;STL
2016021216;2017-04-09T00:00:00Z;DAL;COL
2016021217;2017-04-09T01:00:00Z;ARI;MIN
2016021218;2017-04-09T02:00:00Z;VAN;EDM
2016021219;2017-04-09T02:00:00Z;SJS;CGY
2016021220;2017-04-09T02:30:00Z;LAK;CHI
2016021221;2017-04-09T21:00:00Z;DET;NJD
2016021222;2017-04-09T21:00:00Z;TBL;BUF
2016021223;2017-04-09T21:00:00Z;NYI;OTT
2016021225;2017-04-09T22:00:00Z;STL;COL
2016021224;2017-04-09T22:00:00Z;TOR;CBJ
2016021226;2017-04-09T23:00:00Z;NYR;PIT
2016021227;2017-04-09T23:00:00Z;PHI;CAR
2016021228;2017-04-09T23:00:00Z;WSH;FLA
2016021229;2017-04-10T00:30:00Z;ANA;LAK
2016021230;2017-04-10T01:00:00Z;EDM;VAN
